id,text,source
1,"Villam Hub is an urban farming platform focused on helping people grow food, plant trees, and live more sustainably. It combines digital technology with offline experiences.",VillamHub_Overview
2,The founder of Villam Hub is Wisdom Chibuzor. He is a Product Manager and a farmer who is passionate about sustainable agriculture.,VillamHub_Overview
3,"Villam Hub was created by a team of young innovators from Altschool Africa, committed to environmental and food system transformation.",VillamHub_Overview
4,"Villam Hub offers affordable farming kits, including hydroponic kits, irrigation kits, and backyard garden kits, to promote urban agriculture.",VillamHub_Overview
5,"Villam Hub runs a 'Farming as a Service' (FaaS) subscription that includes monthly planting support, educational resources, and a growing community.",VillamHub_Overview
6,"The platform plans to include a mobile and web app for users to learn, track growth, receive reminders, and get personalized recommendations.",VillamHub_Overview
7,"Villam Hub offers a tree planting service for 15,000Naira, which covers planting 20 trees and includes a CO2 offset certificate.",VillamHub_Overview
8,"Users can request to plant trees in their homes, offices, or schools, and Villam Hub handles the planting and care.",VillamHub_Overview
9,"The platform includes a physical demonstration farm and experience center located in Lagos, Nigeria.",VillamHub_Overview
10,"Hydroponics is a method of growing plants without soil, using nutrient-rich water. Villam Hub provides starter hydroponic kits.",Farming_FAQ
11,"Urban agriculture refers to food production in urban areas, often using small spaces like rooftops, backyards, or balconies.",Farming_FAQ
12,"To grow vegetables in containers, use good potting soil, ensure proper drainage, and place them where they get enough sunlight.",Gardening_Tips
13,"Villam Hub supports sustainable agriculture through education, tools, and community engagement, empowering users to take part in eco-friendly food systems.",VillamHub_Overview
14,"You can start a backyard garden by selecting a sunny spot, using compost-rich soil, and planting vegetables that grow well in your climate.",Gardening_Tips
15,"Tree planting helps reduce carbon in the atmosphere, supports biodiversity, and improves urban air quality.",Environmental_Insights
16,Villam Hubâ€™s mission is to build an environmentally aware generation and create a system that promotes accessible and sustainable food growing.,VillamHub_Overview
17,Composting kitchen waste like vegetable peels and fruit scraps creates nutrient-rich soil for your garden.,Gardening_Tips
18,Drip irrigation is a water-efficient method where water drips directly to the root zone of plants. Villam Hub offers drip irrigation kits.,Farming_FAQ
19,"Farming as a Service (FaaS) provides users with expert support, learning materials, and reminders to help them grow food successfully.",VillamHub_Overview
20,"Villam Hub is building toward full integration with smart tools for tracking plant health, growth stages, and receiving real-time farming tips.",VillamHub_Overview
